{
  "logos": {
    "png": {
      "ghostlab": 0.9024390244,
      "hologram": 1.0487804878,
      "less": 1.6463414634,
      "tower": 0.9268292683
    },
    "svg": {
      "angular": 0.9756097561,
      "backbone": 0.9512195122,
      "bootstrap": 1.0609756098,
      "bower": 1.1219512195,
      "coffeescript": 1.0731707317,
      "compass": 1.0365853659,
      "css": 0.9146341463,
      "git": 1.0853658537,
      "grunt": 0.9390243902,
      "gulp": 0.7317073171,
      "handlebars": 2.243902439,
      "html": 0.9146341463,
      "javascript": 1.0609756098,
      "jquery": 2.4390243902,
      "lodash": 1.0609756098,
      "markdown": 1.4268292683,
      "mocha": 1.0487804878,
      "nodejs": 1.0487804878,
      "pug": 1.0243902439,
      "reactjs": 0.9268292683,
      "requirejs": 1.0609756098,
      "sass": 1.5,
      "sassdoc": 1.2317073171,
      "travis": 1,
      "webstorm": 1.012195122,
      "wordpress": 0.8902439024,
      "yeoman": 1.012195122
    }
  }
}